file,class,method,constructor,line,cbo,cboModified,fanin,fanout,wmc,rfc,loc,returnsQty,variablesQty,parametersQty,methodsInvokedQty,methodsInvokedLocalQty,methodsInvokedIndirectLocalQty,loopQty,comparisonsQty,tryCatchQty,parenthesizedExpsQty,stringLiteralsQty,numbersQty,assignmentsQty,mathOperationsQty,maxNestedBlocksQty,anonymousClassesQty,innerClassesQty,lambdasQty,uniqueWordsQty,modifiers,logStatementsQty,hasJavaDoc
/home/guilherme-larre/Documents/UNICAP/projeto_aps/aps/src/main/java/com/grupitxo/classes/FuncionarioDbAdapter.java,com.grupitxo.classes.FuncionarioDbAdapter,atualizar/1[com.grupitxo.classes.Funcionario],false,157,2,11,0,11,3,19,24,2,3,1,19,0,0,0,0,1,0,13,12,3,2,2,0,0,0,21,1,0,false
/home/guilherme-larre/Documents/UNICAP/projeto_aps/aps/src/main/java/com/grupitxo/classes/FuncionarioDbAdapter.java,com.grupitxo.classes.FuncionarioDbAdapter,remover/1[com.grupitxo.classes.Funcionario],false,200,1,1,0,1,3,6,14,2,3,1,6,0,0,0,0,1,0,2,2,3,1,2,0,0,0,27,1,0,false
/home/guilherme-larre/Documents/UNICAP/projeto_aps/aps/src/main/java/com/grupitxo/classes/FuncionarioDbAdapter.java,com.grupitxo.classes.FuncionarioDbAdapter,buscarPorNome/1[java.lang.String],false,118,2,2,0,2,3,10,28,1,16,1,10,0,0,0,0,2,0,15,1,17,2,3,0,0,0,47,1,0,false
/home/guilherme-larre/Documents/UNICAP/projeto_aps/aps/src/main/java/com/grupitxo/classes/FuncionarioDbAdapter.java,com.grupitxo.classes.FuncionarioDbAdapter,buscarTodos/0,false,47,2,2,0,2,3,10,25,1,16,0,10,0,0,1,0,1,0,13,0,16,1,2,0,0,0,40,1,0,false
/home/guilherme-larre/Documents/UNICAP/projeto_aps/aps/src/main/java/com/grupitxo/classes/FuncionarioDbAdapter.java,com.grupitxo.classes.FuncionarioDbAdapter,buscarPorId/1[int],false,82,2,2,0,2,3,10,28,1,16,1,10,0,0,0,0,2,0,13,1,17,1,3,0,0,0,44,1,0,false
/home/guilherme-larre/Documents/UNICAP/projeto_aps/aps/src/main/java/com/grupitxo/classes/FuncionarioDbAdapter.java,com.grupitxo.classes.FuncionarioDbAdapter,salvar/1[com.grupitxo.classes.Funcionario],false,22,2,10,0,10,3,16,21,2,2,1,16,0,0,0,1,1,0,1,10,2,0,1,0,0,0,25,1,0,false
/home/guilherme-larre/Documents/UNICAP/projeto_aps/aps/src/main/java/com/grupitxo/classes/FuncionarioDbAdapter.java,com.grupitxo.classes.FuncionarioDbAdapter,FuncionarioDbAdapter/1[java.sql.Connection],true,16,0,2,2,0,1,0,3,0,0,1,0,0,0,0,0,0,0,0,0,1,0,0,0,0,0,5,1,0,false
/home/guilherme-larre/Documents/UNICAP/projeto_aps/aps/src/main/java/com/grupitxo/classes/FuncionarioDbAdapter.java,com.grupitxo.classes.FuncionarioDbAdapter,getQtd/0,false,223,0,0,0,0,3,5,12,2,3,0,5,0,0,0,0,1,0,1,2,3,0,2,0,0,0,23,1,0,false
/home/guilherme-larre/Documents/UNICAP/projeto_aps/aps/src/main/java/com/grupitxo/classes/FuncionarioController.java,com.grupitxo.classes.FuncionarioController,selecionarFuncionarioParaAcao/1[java.util.Scanner],false,21,3,10,5,5,4,6,13,4,3,1,6,0,0,0,0,0,0,2,3,3,0,1,0,0,0,13,1,0,false
/home/guilherme-larre/Documents/UNICAP/projeto_aps/aps/src/main/java/com/grupitxo/classes/FuncionarioController.java,com.grupitxo.classes.FuncionarioController,"FuncionarioController/3[com.grupitxo.classes.FuncionarioView,com.grupitxo.classes.FuncionarioViewFactory,com.grupitxo.classes.FuncionarioStorageStrategy]",true,14,3,1,1,0,1,0,5,0,0,3,0,0,0,0,0,0,0,0,0,3,0,0,0,0,0,6,1,0,false
/home/guilherme-larre/Documents/UNICAP/projeto_aps/aps/src/main/java/com/grupitxo/classes/FuncionarioController.java,com.grupitxo.classes.FuncionarioController,rotinaCriarFuncionario/1[java.util.Scanner],false,50,3,3,1,2,2,3,10,0,1,1,3,0,0,0,1,0,0,2,0,1,0,1,0,0,0,15,1,0,false
/home/guilherme-larre/Documents/UNICAP/projeto_aps/aps/src/main/java/com/grupitxo/classes/FuncionarioController.java,com.grupitxo.classes.FuncionarioController,rotinaRemoverFuncionario/1[java.util.Scanner],false,147,4,5,1,4,2,5,11,1,1,1,5,1,1,0,1,0,0,2,0,1,0,1,0,0,0,13,1,0,false
/home/guilherme-larre/Documents/UNICAP/projeto_aps/aps/src/main/java/com/grupitxo/classes/FuncionarioController.java,com.grupitxo.classes.FuncionarioController,rotinaListarFuncionarios/0,false,43,3,3,1,2,1,2,4,0,1,0,2,0,0,0,0,0,0,0,0,1,0,0,0,0,0,4,1,0,false
/home/guilherme-larre/Documents/UNICAP/projeto_aps/aps/src/main/java/com/grupitxo/classes/FuncionarioController.java,com.grupitxo.classes.FuncionarioController,rotinaAtualizarFuncionario/1[java.util.Scanner],false,63,5,18,1,17,18,19,60,3,12,1,19,1,1,0,2,1,0,15,15,12,1,3,0,0,0,38,1,0,false
/home/guilherme-larre/Documents/UNICAP/projeto_aps/aps/src/main/java/com/grupitxo/typeadapter/ProdutoTypeAdapter.java,com.grupitxo.typeadapter.ProdutoTypeAdapter,read/1[com.grupitxo.typeadapter.JsonReader],false,26,3,2,0,2,10,13,41,1,10,1,13,0,0,1,0,1,0,8,3,17,0,2,0,0,0,24,1,0,false
/home/guilherme-larre/Documents/UNICAP/projeto_aps/aps/src/main/java/com/grupitxo/typeadapter/ProdutoTypeAdapter.java,com.grupitxo.typeadapter.ProdutoTypeAdapter,"write/2[com.grupitxo.typeadapter.JsonWriter,com.grupitxo.classes.Produto]",false,13,2,7,0,7,1,12,11,0,0,2,12,0,0,0,0,0,0,7,0,0,0,0,0,0,0,7,1,0,false
/home/guilherme-larre/Documents/UNICAP/projeto_aps/aps/src/main/java/com/grupitxo/classes/DatabaseConfig.java,com.grupitxo.classes.DatabaseConfig,getConnection/0,false,13,0,3,3,0,2,3,7,1,1,0,3,0,0,0,0,0,0,1,0,1,0,1,0,0,0,11,9,0,false
/home/guilherme-larre/Documents/UNICAP/projeto_aps/aps/src/main/java/com/grupitxo/classes/DatabaseConfig.java,com.grupitxo.classes.DatabaseConfig,inicializarBanco/0,false,23,1,2,1,1,2,5,14,0,5,0,5,1,1,0,0,1,0,35,0,5,4,1,0,0,0,43,9,0,false
/home/guilherme-larre/Documents/UNICAP/projeto_aps/aps/src/main/java/com/grupitxo/classes/Cliente.java,com.grupitxo.classes.Cliente,"Cliente/8[java.lang.String,java.lang.String,java.lang.String,java.lang.String,java.lang.String,java.lang.String,java.lang.String,java.lang.String]",true,14,0,1,1,0,1,0,3,0,0,8,0,0,0,0,0,0,0,0,1,0,0,0,0,0,0,2,1,0,false
/home/guilherme-larre/Documents/UNICAP/projeto_aps/aps/src/main/java/com/grupitxo/classes/Cliente.java,com.grupitxo.classes.Cliente,getIdCliente/0,false,19,0,7,7,0,1,0,3,1,0,0,0,0,0,0,0,0,0,0,0,0,0,0,0,0,0,4,1,0,false
/home/guilherme-larre/Documents/UNICAP/projeto_aps/aps/src/main/java/com/grupitxo/classes/Cliente.java,com.grupitxo.classes.Cliente,"Cliente/9[int,java.lang.String,java.lang.String,java.lang.String,java.lang.String,java.lang.String,java.lang.String,java.lang.String,java.lang.String]",true,7,0,1,1,0,1,0,4,0,0,9,0,0,0,0,0,0,0,0,0,1,0,0,0,0,0,3,1,0,false
/home/guilherme-larre/Documents/UNICAP/projeto_aps/aps/src/main/java/com/grupitxo/classes/Cliente.java,com.grupitxo.classes.Cliente,toString/0,false,25,2,11,1,10,1,11,14,1,0,0,11,1,1,0,0,0,0,0,0,0,0,0,0,0,0,4,1,0,false
/home/guilherme-larre/Documents/UNICAP/projeto_aps/aps/src/main/java/com/grupitxo/classes/ClienteView.java,com.grupitxo.classes.ClienteView,exibirListaClientes/1[java.util.List<com.grupitxo.classes.Cliente>],false,8,1,2,1,1,4,3,9,1,0,1,3,0,0,1,1,0,0,1,0,0,0,1,0,0,0,10,1,0,false
/home/guilherme-larre/Documents/UNICAP/projeto_aps/aps/src/main/java/com/grupitxo/classes/ClienteView.java,com.grupitxo.classes.ClienteView,"pedirNovoDadoDecimal/2[java.util.Scanner,java.lang.String]",false,71,0,0,0,0,2,4,8,1,1,2,4,0,0,0,0,0,0,2,0,1,1,1,0,0,0,9,1,0,false
/home/guilherme-larre/Documents/UNICAP/projeto_aps/aps/src/main/java/com/grupitxo/classes/ClienteView.java,com.grupitxo.classes.ClienteView,"pedirNovoDadoTexto/2[java.util.Scanner,java.lang.String]",false,65,0,1,1,0,1,2,4,1,0,2,2,0,0,0,0,0,0,2,0,0,1,0,0,0,0,8,1,0,false
/home/guilherme-larre/Documents/UNICAP/projeto_aps/aps/src/main/java/com/grupitxo/classes/ClienteView.java,com.grupitxo.classes.ClienteView,pedirConfirmacao/1[java.util.Scanner],false,81,0,1,1,0,2,4,8,1,1,1,4,0,0,0,0,0,0,1,0,1,0,1,0,0,0,10,1,0,false
/home/guilherme-larre/Documents/UNICAP/projeto_aps/aps/src/main/java/com/grupitxo/classes/ClienteView.java,com.grupitxo.classes.ClienteView,mostrarMenuSelecao/1[java.util.Scanner],false,28,0,1,1,0,2,4,8,1,1,1,4,0,0,0,0,0,0,0,0,1,0,1,0,0,0,6,1,0,false
/home/guilherme-larre/Documents/UNICAP/projeto_aps/aps/src/main/java/com/grupitxo/classes/ClienteView.java,com.grupitxo.classes.ClienteView,pedirIdParaBusca/1[java.util.Scanner],false,38,0,1,1,0,2,4,8,1,1,1,4,0,0,0,0,0,0,1,0,1,0,1,0,0,0,8,1,0,false
/home/guilherme-larre/Documents/UNICAP/projeto_aps/aps/src/main/java/com/grupitxo/classes/ClienteView.java,com.grupitxo.classes.ClienteView,pedirNomeParaBusca/1[java.util.Scanner],false,47,0,1,1,0,1,2,4,1,0,1,2,0,0,0,0,0,0,1,0,0,0,0,0,0,0,8,1,0,false
/home/guilherme-larre/Documents/UNICAP/projeto_aps/aps/src/main/java/com/grupitxo/classes/ClienteView.java,com.grupitxo.classes.ClienteView,opcaoEdicao/1[java.util.Scanner],false,54,0,1,1,0,2,4,8,1,1,1,4,0,0,0,0,0,0,0,0,1,0,1,0,0,0,4,1,0,false
/home/guilherme-larre/Documents/UNICAP/projeto_aps/aps/src/main/java/com/grupitxo/classes/ClienteView.java,com.grupitxo.classes.ClienteView,exibirCliente/1[com.grupitxo.classes.Cliente],false,18,1,3,3,0,2,2,9,1,0,1,2,0,0,0,1,0,0,3,0,0,0,1,0,0,0,18,1,0,false
/home/guilherme-larre/Documents/UNICAP/projeto_aps/aps/src/main/java/com/grupitxo/classes/Produto.java,com.grupitxo.classes.Produto,setSku/1[java.lang.String],false,40,0,1,1,0,1,0,3,0,0,1,0,0,0,0,0,0,0,0,0,1,0,0,0,0,0,3,1,0,false
/home/guilherme-larre/Documents/UNICAP/projeto_aps/aps/src/main/java/com/grupitxo/classes/Produto.java,com.grupitxo.classes.Produto,getCategoriaValue/1[com.grupitxo.enums.Categoria],false,68,1,3,3,0,6,0,10,6,0,1,0,0,0,0,0,0,0,6,0,0,0,1,0,0,0,5,9,0,false
/home/guilherme-larre/Documents/UNICAP/projeto_aps/aps/src/main/java/com/grupitxo/classes/Produto.java,com.grupitxo.classes.Produto,addToListaProdutos/1[com.grupitxo.classes.Produto],false,407,1,1,1,0,1,2,4,0,0,1,2,0,0,0,0,0,0,0,0,1,0,0,0,0,0,9,9,0,false
/home/guilherme-larre/Documents/UNICAP/projeto_aps/aps/src/main/java/com/grupitxo/classes/Produto.java,com.grupitxo.classes.Produto,getDescricao/0,false,49,0,4,4,0,1,0,3,1,0,0,0,0,0,0,0,0,0,0,0,0,0,0,0,0,0,3,1,0,false
/home/guilherme-larre/Documents/UNICAP/projeto_aps/aps/src/main/java/com/grupitxo/classes/Produto.java,com.grupitxo.classes.Produto,setCategoria/1[com.grupitxo.enums.Categoria],false,64,1,1,1,0,1,0,3,0,0,1,0,0,0,0,0,0,0,0,0,1,0,0,0,0,0,3,1,0,false
/home/guilherme-larre/Documents/UNICAP/projeto_aps/aps/src/main/java/com/grupitxo/classes/Produto.java,com.grupitxo.classes.Produto,getNomeProduto/0,false,43,0,6,6,0,1,0,3,1,0,0,0,0,0,0,0,0,0,0,0,0,0,0,0,0,0,4,1,0,false
/home/guilherme-larre/Documents/UNICAP/projeto_aps/aps/src/main/java/com/grupitxo/classes/Produto.java,com.grupitxo.classes.Produto,getQtdEstoque/0,false,91,0,6,6,0,1,0,3,1,0,0,0,0,0,0,0,0,0,0,0,0,0,0,0,0,0,4,1,0,false
/home/guilherme-larre/Documents/UNICAP/projeto_aps/aps/src/main/java/com/grupitxo/classes/Produto.java,com.grupitxo.classes.Produto,getProdutoById/1[int],false,149,1,6,4,2,3,3,9,2,0,1,3,2,1,1,1,0,0,1,0,0,0,2,0,0,0,7,9,0,false
/home/guilherme-larre/Documents/UNICAP/projeto_aps/aps/src/main/java/com/grupitxo/classes/Produto.java,com.grupitxo.classes.Produto,toString/0,false,414,1,9,2,7,1,8,11,1,0,0,8,7,1,0,0,0,0,0,0,0,0,0,0,0,0,6,1,0,false
/home/guilherme-larre/Documents/UNICAP/projeto_aps/aps/src/main/java/com/grupitxo/classes/Produto.java,com.grupitxo.classes.Produto,setValor/1[double],false,58,0,1,1,0,1,0,3,0,0,1,0,0,0,0,0,0,0,0,0,1,0,0,0,0,0,3,1,0,false
/home/guilherme-larre/Documents/UNICAP/projeto_aps/aps/src/main/java/com/grupitxo/classes/Produto.java,com.grupitxo.classes.Produto,getTodasCategorias/0,false,84,2,3,1,2,2,4,7,1,1,0,4,1,1,1,0,0,0,1,0,1,1,1,0,0,0,8,9,0,false
/home/guilherme-larre/Documents/UNICAP/projeto_aps/aps/src/main/java/com/grupitxo/classes/Produto.java,com.grupitxo.classes.Produto,selecionarProduto/0,false,167,1,3,1,2,4,5,21,1,5,0,5,2,3,0,0,0,0,3,3,7,0,1,0,0,0,10,9,0,false
/home/guilherme-larre/Documents/UNICAP/projeto_aps/aps/src/main/java/com/grupitxo/classes/Produto.java,com.grupitxo.classes.Produto,getValor/0,false,55,0,8,8,0,1,0,3,1,0,0,0,0,0,0,0,0,0,0,0,0,0,0,0,0,0,3,1,0,false
/home/guilherme-larre/Documents/UNICAP/projeto_aps/aps/src/main/java/com/grupitxo/classes/Produto.java,com.grupitxo.classes.Produto,getListaProdutos/0,false,404,1,4,4,0,1,0,3,1,0,0,0,0,0,0,0,0,0,0,0,0,0,0,0,0,0,4,9,0,false
/home/guilherme-larre/Documents/UNICAP/projeto_aps/aps/src/main/java/com/grupitxo/classes/Produto.java,com.grupitxo.classes.Produto,getIdProduto/0,false,34,0,7,7,0,1,0,3,1,0,0,0,0,0,0,0,0,0,0,0,0,0,0,0,0,0,4,1,0,false
/home/guilherme-larre/Documents/UNICAP/projeto_aps/aps/src/main/java/com/grupitxo/classes/Produto.java,com.grupitxo.classes.Produto,"Produto/7[java.lang.String,java.lang.String,java.lang.String,double,com.grupitxo.enums.Categoria,int,boolean]",true,20,1,2,2,0,2,2,12,0,0,7,2,0,0,0,0,0,0,0,0,7,0,1,0,0,0,11,1,0,false
/home/guilherme-larre/Documents/UNICAP/projeto_aps/aps/src/main/java/com/grupitxo/classes/Produto.java,com.grupitxo.classes.Produto,setNomeProduto/1[java.lang.String],false,46,0,1,1,0,1,0,3,0,0,1,0,0,0,0,0,0,0,0,0,1,0,0,0,0,0,4,1,0,false
/home/guilherme-larre/Documents/UNICAP/projeto_aps/aps/src/main/java/com/grupitxo/classes/Produto.java,com.grupitxo.classes.Produto,getCategoria/0,false,61,1,3,3,0,1,0,3,1,0,0,0,0,0,0,0,0,0,0,0,0,0,0,0,0,0,3,1,0,false
/home/guilherme-larre/Documents/UNICAP/projeto_aps/aps/src/main/java/com/grupitxo/classes/Produto.java,com.grupitxo.classes.Produto,"modificarProduto/2[com.grupitxo.classes.Produto,int]",false,196,2,16,1,15,19,23,146,14,16,2,23,15,2,0,6,0,0,7,18,33,0,2,0,0,0,45,9,0,false
/home/guilherme-larre/Documents/UNICAP/projeto_aps/aps/src/main/java/com/grupitxo/classes/Produto.java,com.grupitxo.classes.Produto,setDescricao/1[java.lang.String],false,52,0,1,1,0,1,0,3,0,0,1,0,0,0,0,0,0,0,0,0,1,0,0,0,0,0,3,1,0,false
/home/guilherme-larre/Documents/UNICAP/projeto_aps/aps/src/main/java/com/grupitxo/classes/Produto.java,com.grupitxo.classes.Produto,removerProduto/1[com.grupitxo.classes.Produto],false,384,1,2,1,1,2,7,16,0,2,1,7,1,1,0,1,0,0,2,2,2,1,1,0,0,0,24,9,0,false
/home/guilherme-larre/Documents/UNICAP/projeto_aps/aps/src/main/java/com/grupitxo/classes/Produto.java,com.grupitxo.classes.Produto,setQtdEstoque/1[int],false,94,0,3,3,0,1,0,3,0,0,1,0,0,0,0,0,0,0,0,0,1,0,0,0,0,0,4,1,0,false
/home/guilherme-larre/Documents/UNICAP/projeto_aps/aps/src/main/java/com/grupitxo/classes/Produto.java,com.grupitxo.classes.Produto,getProdutoNovo/0,false,100,2,3,1,2,6,6,39,1,9,0,6,1,2,0,0,0,0,6,5,15,0,1,0,0,0,34,9,0,false
/home/guilherme-larre/Documents/UNICAP/projeto_aps/aps/src/main/java/com/grupitxo/classes/Produto.java,com.grupitxo.classes.Produto,getSku/0,false,37,0,4,4,0,1,0,3,1,0,0,0,0,0,0,0,0,0,0,0,0,0,0,0,0,0,3,1,0,false
/home/guilherme-larre/Documents/UNICAP/projeto_aps/aps/src/main/java/com/grupitxo/classes/Produto.java,com.grupitxo.classes.Produto,getProdutoByNome/1[java.lang.String],false,158,1,4,2,2,3,4,9,2,0,1,4,2,1,1,0,0,0,1,0,0,0,2,0,0,0,7,9,0,false
/home/guilherme-larre/Documents/UNICAP/projeto_aps/aps/src/main/java/com/grupitxo/classes/Historico.java,com.grupitxo.classes.Historico,getHistoricoCliente/1[int],false,58,4,8,2,6,6,15,25,3,5,1,15,0,0,2,2,0,0,2,1,5,0,2,0,0,0,25,9,0,false
/home/guilherme-larre/Documents/UNICAP/projeto_aps/aps/src/main/java/com/grupitxo/classes/Historico.java,com.grupitxo.classes.Historico,exibirHistoricoCompleto/0,false,38,1,2,1,1,3,8,11,2,2,0,8,0,0,1,0,0,0,2,2,2,1,1,0,0,0,11,9,0,false
/home/guilherme-larre/Documents/UNICAP/projeto_aps/aps/src/main/java/com/grupitxo/classes/Historico.java,com.grupitxo.classes.Historico,cancelarCompra/1[int],false,118,1,4,1,3,1,4,5,0,1,1,4,0,0,0,0,0,0,0,0,1,0,0,0,0,0,6,9,0,false
/home/guilherme-larre/Documents/UNICAP/projeto_aps/aps/src/main/java/com/grupitxo/classes/Historico.java,com.grupitxo.classes.Historico,addToHistorico/1[com.grupitxo.classes.Compra],false,30,1,2,2,0,1,1,3,0,0,1,1,0,0,0,0,0,0,0,0,0,0,0,0,0,0,5,9,0,false
/home/guilherme-larre/Documents/UNICAP/projeto_aps/aps/src/main/java/com/grupitxo/classes/Historico.java,com.grupitxo.classes.Historico,(initializer 1),false,14,3,3,0,3,2,3,10,0,0,0,3,0,0,0,0,1,0,1,0,2,0,1,0,0,0,19,8,0,false
/home/guilherme-larre/Documents/UNICAP/projeto_aps/aps/src/main/java/com/grupitxo/classes/Historico.java,com.grupitxo.classes.Historico,getHistoricoFuncionario/1[int],false,88,4,8,2,6,6,15,25,3,5,1,15,0,0,2,2,0,0,2,1,5,0,2,0,0,0,25,9,0,false
/home/guilherme-larre/Documents/UNICAP/projeto_aps/aps/src/main/java/com/grupitxo/classes/Historico.java,com.grupitxo.classes.Historico,gerarRelatorio/0,false,126,2,5,1,4,5,9,21,1,3,0,9,0,0,3,1,0,0,0,2,5,0,2,0,0,0,15,9,0,false
/home/guilherme-larre/Documents/UNICAP/projeto_aps/aps/src/main/java/com/grupitxo/classes/Historico.java,com.grupitxo.classes.Historico,getCompraByIndex/1[int],false,50,1,2,1,1,2,3,8,2,0,1,3,0,0,0,0,1,0,1,1,0,1,1,0,0,0,11,9,0,false
/home/guilherme-larre/Documents/UNICAP/projeto_aps/aps/src/main/java/com/grupitxo/classes/Historico.java,com.grupitxo.classes.Historico,getHistorico/0,false,34,1,1,1,0,1,0,3,1,0,0,0,0,0,0,0,0,0,0,0,0,0,0,0,0,0,3,9,0,false
/home/guilherme-larre/Documents/UNICAP/projeto_aps/aps/src/main/java/com/grupitxo/classes/Funcionario.java,com.grupitxo.classes.Funcionario,"Funcionario/10[java.lang.String,java.lang.String,java.lang.String,java.lang.String,java.lang.String,java.lang.String,java.lang.String,java.lang.String,com.grupitxo.enums.Cargo,double]",true,24,1,1,1,0,1,0,3,0,0,10,0,0,0,0,0,0,0,0,1,0,0,0,0,0,0,2,1,0,false
/home/guilherme-larre/Documents/UNICAP/projeto_aps/aps/src/main/java/com/grupitxo/classes/Funcionario.java,com.grupitxo.classes.Funcionario,getSalario/0,false,40,0,3,3,0,1,0,3,1,0,0,0,0,0,0,0,0,0,0,0,0,0,0,0,0,0,3,1,0,false
/home/guilherme-larre/Documents/UNICAP/projeto_aps/aps/src/main/java/com/grupitxo/classes/Funcionario.java,com.grupitxo.classes.Funcionario,"Funcionario/11[int,java.lang.String,java.lang.String,java.lang.String,java.lang.String,java.lang.String,java.lang.String,java.lang.String,java.lang.String,com.grupitxo.enums.Cargo,double]",true,11,1,3,3,0,2,0,9,0,0,11,0,0,0,0,1,0,0,1,0,3,0,1,0,0,0,12,1,0,false
/home/guilherme-larre/Documents/UNICAP/projeto_aps/aps/src/main/java/com/grupitxo/classes/Funcionario.java,com.grupitxo.classes.Funcionario,setCargo/1[com.grupitxo.enums.Cargo],false,37,1,1,1,0,1,0,3,0,0,1,0,0,0,0,0,0,0,0,0,1,0,0,0,0,0,3,1,0,false
/home/guilherme-larre/Documents/UNICAP/projeto_aps/aps/src/main/java/com/grupitxo/classes/Funcionario.java,com.grupitxo.classes.Funcionario,toString/0,false,49,2,13,1,12,1,14,16,1,0,0,14,3,1,0,0,0,0,0,0,0,0,0,0,0,0,4,1,0,false
/home/guilherme-larre/Documents/UNICAP/projeto_aps/aps/src/main/java/com/grupitxo/classes/Funcionario.java,com.grupitxo.classes.Funcionario,getIdFuncionario/0,false,31,0,7,7,0,1,0,3,1,0,0,0,0,0,0,0,0,0,0,0,0,0,0,0,0,0,4,1,0,false
/home/guilherme-larre/Documents/UNICAP/projeto_aps/aps/src/main/java/com/grupitxo/classes/Funcionario.java,com.grupitxo.classes.Funcionario,getCargo/0,false,34,1,3,3,0,1,0,3,1,0,0,0,0,0,0,0,0,0,0,0,0,0,0,0,0,0,3,1,0,false
/home/guilherme-larre/Documents/UNICAP/projeto_aps/aps/src/main/java/com/grupitxo/classes/Funcionario.java,com.grupitxo.classes.Funcionario,setSalario/1[double],false,43,0,1,1,0,1,0,3,0,0,1,0,0,0,0,0,0,0,0,0,1,0,0,0,0,0,3,1,0,false
/home/guilherme-larre/Documents/UNICAP/projeto_aps/aps/src/main/java/com/grupitxo/classes/Compra.java,com.grupitxo.classes.Compra,"Compra/6[int,int,java.util.ArrayList<com.grupitxo.classes.Compra.CompraProduto>,double,com.grupitxo.enums.Pagamento,boolean]",true,26,4,5,2,3,6,6,34,0,0,6,6,1,1,1,3,0,0,0,4,14,4,2,0,0,0,17,1,0,false
/home/guilherme-larre/Documents/UNICAP/projeto_aps/aps/src/main/java/com/grupitxo/classes/Compra.java,com.grupitxo.classes.Compra,getListaCompraProdutos/0,false,258,1,3,3,0,1,0,3,1,0,0,0,0,0,0,0,0,0,0,0,0,0,0,0,0,0,5,1,0,false
/home/guilherme-larre/Documents/UNICAP/projeto_aps/aps/src/main/java/com/grupitxo/classes/Compra.java,com.grupitxo.classes.Compra,getIdFuncionario/0,false,72,0,3,3,0,1,0,3,1,0,0,0,0,0,0,0,0,0,0,0,0,0,0,0,0,0,4,1,0,false
/home/guilherme-larre/Documents/UNICAP/projeto_aps/aps/src/main/java/com/grupitxo/classes/Compra.java,com.grupitxo.classes.Compra,getPagamentoValue/1[com.grupitxo.enums.Pagamento],false,106,1,1,1,0,6,0,10,6,0,1,0,0,0,0,0,0,0,6,0,0,0,1,0,0,0,7,9,0,false
/home/guilherme-larre/Documents/UNICAP/projeto_aps/aps/src/main/java/com/grupitxo/classes/Compra.java,com.grupitxo.classes.Compra,setIdCliente/1[int],false,69,0,0,0,0,1,0,3,0,0,1,0,0,0,0,0,0,0,0,0,1,0,0,0,0,0,4,1,0,false
/home/guilherme-larre/Documents/UNICAP/projeto_aps/aps/src/main/java/com/grupitxo/classes/Compra.java,com.grupitxo.classes.Compra,getIdCompra/0,false,63,0,1,1,0,1,0,3,1,0,0,0,0,0,0,0,0,0,0,0,0,0,0,0,0,0,4,1,0,false
/home/guilherme-larre/Documents/UNICAP/projeto_aps/aps/src/main/java/com/grupitxo/classes/Compra.java,com.grupitxo.classes.Compra,getIdCliente/0,false,66,0,3,3,0,1,0,3,1,0,0,0,0,0,0,0,0,0,0,0,0,0,0,0,0,0,4,1,0,false
/home/guilherme-larre/Documents/UNICAP/projeto_aps/aps/src/main/java/com/grupitxo/classes/Compra.java,com.grupitxo.classes.Compra,incrementarEstoque/1[java.util.ArrayList<com.grupitxo.classes.Compra.CompraProduto>],false,279,2,5,1,4,2,4,9,0,4,1,4,0,0,1,0,0,0,0,0,4,1,1,0,0,0,13,9,0,false
/home/guilherme-larre/Documents/UNICAP/projeto_aps/aps/src/main/java/com/grupitxo/classes/Compra.java,com.grupitxo.classes.Compra,getDesconto/0,false,89,0,2,2,0,1,0,3,1,0,0,0,0,0,0,0,0,0,0,0,0,0,0,0,0,0,3,1,0,false
/home/guilherme-larre/Documents/UNICAP/projeto_aps/aps/src/main/java/com/grupitxo/classes/Compra.java,com.grupitxo.classes.Compra,setIdFuncionario/1[int],false,75,0,0,0,0,1,0,3,0,0,1,0,0,0,0,0,0,0,0,0,1,0,0,0,0,0,4,1,0,false
/home/guilherme-larre/Documents/UNICAP/projeto_aps/aps/src/main/java/com/grupitxo/classes/Compra.java,com.grupitxo.classes.Compra,getTotalListaCompraProdutos/0,false,261,1,1,0,1,2,1,7,1,1,0,1,0,0,1,0,0,0,0,1,2,0,1,0,0,0,9,1,0,false
/home/guilherme-larre/Documents/UNICAP/projeto_aps/aps/src/main/java/com/grupitxo/classes/Compra.java,com.grupitxo.classes.Compra,toString/0,false,290,1,13,4,9,1,10,13,1,0,0,10,9,1,0,0,0,0,0,0,0,0,0,0,0,0,11,1,0,false
/home/guilherme-larre/Documents/UNICAP/projeto_aps/aps/src/main/java/com/grupitxo/classes/Compra.java,com.grupitxo.classes.Compra,getStatus/0,false,122,1,1,1,0,1,0,3,1,0,0,0,0,0,0,0,0,0,0,0,0,0,0,0,0,0,3,1,0,false
/home/guilherme-larre/Documents/UNICAP/projeto_aps/aps/src/main/java/com/grupitxo/classes/Compra.java,com.grupitxo.classes.Compra,setDesconto/1[double],false,92,0,0,0,0,1,0,4,0,0,1,0,0,0,0,0,0,0,0,0,2,1,0,0,0,0,5,1,0,false
/home/guilherme-larre/Documents/UNICAP/projeto_aps/aps/src/main/java/com/grupitxo/classes/Compra.java,com.grupitxo.classes.Compra,getStatusValue/1[com.grupitxo.enums.Status],false,128,1,1,1,0,4,0,8,4,0,1,0,0,0,0,0,0,0,4,0,0,0,1,0,0,0,5,9,0,false
/home/guilherme-larre/Documents/UNICAP/projeto_aps/aps/src/main/java/com/grupitxo/classes/Compra.java,com.grupitxo.classes.Compra,setPagamento/1[com.grupitxo.enums.Pagamento],false,103,1,0,0,0,1,0,3,0,0,1,0,0,0,0,0,0,0,0,0,1,0,0,0,0,0,3,1,0,false
/home/guilherme-larre/Documents/UNICAP/projeto_aps/aps/src/main/java/com/grupitxo/classes/Compra.java,com.grupitxo.classes.Compra,getTotal/0,false,97,0,2,2,0,1,0,3,1,0,0,0,0,0,0,0,0,0,0,0,0,0,0,0,0,0,3,1,0,false
/home/guilherme-larre/Documents/UNICAP/projeto_aps/aps/src/main/java/com/grupitxo/classes/Compra.java,com.grupitxo.classes.Compra,setStatus/1[com.grupitxo.enums.Status],false,125,1,2,2,0,1,0,3,0,0,1,0,0,0,0,0,0,0,0,0,1,0,0,0,0,0,3,1,0,false
/home/guilherme-larre/Documents/UNICAP/projeto_aps/aps/src/main/java/com/grupitxo/classes/Compra.java,com.grupitxo.classes.Compra,"getCompraNova/2[com.grupitxo.classes.Cliente,com.grupitxo.classes.Funcionario]",false,208,5,5,1,4,7,6,35,2,6,2,6,1,1,0,1,0,0,2,5,11,0,1,0,0,0,34,9,0,false
/home/guilherme-larre/Documents/UNICAP/projeto_aps/aps/src/main/java/com/grupitxo/classes/Compra.java,com.grupitxo.classes.Compra,getDataHora/0,false,78,0,1,1,0,1,2,5,1,2,0,2,0,0,0,0,0,0,1,0,2,0,0,0,0,0,9,1,0,false
/home/guilherme-larre/Documents/UNICAP/projeto_aps/aps/src/main/java/com/grupitxo/classes/Compra.java,com.grupitxo.classes.Compra,getCompraProdutoNovo/0,false,142,2,4,1,3,6,8,50,2,10,0,8,0,0,1,0,0,0,10,6,18,0,2,0,0,0,55,9,0,false
/home/guilherme-larre/Documents/UNICAP/projeto_aps/aps/src/main/java/com/grupitxo/classes/Compra.java,com.grupitxo.classes.Compra,decrementarEstoque/1[java.util.ArrayList<com.grupitxo.classes.Compra.CompraProduto>],false,269,2,5,1,4,2,4,9,0,4,1,4,0,0,1,0,0,0,0,0,4,1,1,0,0,0,13,9,0,false
/home/guilherme-larre/Documents/UNICAP/projeto_aps/aps/src/main/java/com/grupitxo/classes/Compra.java,com.grupitxo.classes.Compra,getObjetoDataHora/0,false,83,0,1,1,0,1,0,3,1,0,0,0,0,0,0,0,0,0,0,0,0,0,0,0,0,0,8,1,0,false
/home/guilherme-larre/Documents/UNICAP/projeto_aps/aps/src/main/java/com/grupitxo/classes/Compra.java,com.grupitxo.classes.Compra,getSubtotal/0,false,86,0,1,1,0,1,0,3,1,0,0,0,0,0,0,0,0,0,0,0,0,0,0,0,0,0,3,1,0,false
/home/guilherme-larre/Documents/UNICAP/projeto_aps/aps/src/main/java/com/grupitxo/classes/Compra.java,com.grupitxo.classes.Compra,getPagamento/0,false,100,1,1,1,0,1,0,3,1,0,0,0,0,0,0,0,0,0,0,0,0,0,0,0,0,0,3,1,0,false
/home/guilherme-larre/Documents/UNICAP/projeto_aps/aps/src/main/java/com/grupitxo/typeadapter/HistoricoTypeAdapter.java,com.grupitxo.typeadapter.HistoricoTypeAdapter,read/1[com.grupitxo.typeadapter.JsonReader],false,30,3,1,0,1,2,5,10,1,2,1,5,0,0,1,0,0,0,0,0,2,0,1,0,0,0,10,1,0,false
/home/guilherme-larre/Documents/UNICAP/projeto_aps/aps/src/main/java/com/grupitxo/typeadapter/HistoricoTypeAdapter.java,com.grupitxo.typeadapter.HistoricoTypeAdapter,HistoricoTypeAdapter/1[com.grupitxo.typeadapter.CompraTypeAdapter],true,16,1,0,0,0,1,0,3,0,0,1,0,0,0,0,0,0,0,0,0,1,0,0,0,0,0,5,1,0,false
/home/guilherme-larre/Documents/UNICAP/projeto_aps/aps/src/main/java/com/grupitxo/typeadapter/HistoricoTypeAdapter.java,com.grupitxo.typeadapter.HistoricoTypeAdapter,"write/2[com.grupitxo.typeadapter.JsonWriter,java.util.List<com.grupitxo.classes.Compra>]",false,21,3,1,0,1,2,3,7,0,0,2,3,0,0,1,0,0,0,0,0,0,0,1,0,0,0,9,1,0,false
/home/guilherme-larre/Documents/UNICAP/projeto_aps/aps/src/main/java/com/grupitxo/classes/Validavel.java,com.grupitxo.classes.Validavel,validarTelefone/1[java.lang.String],false,5,0,0,0,0,1,0,1,0,0,1,0,0,0,0,0,0,0,0,0,0,0,0,0,0,0,3,0,0,false
/home/guilherme-larre/Documents/UNICAP/projeto_aps/aps/src/main/java/com/grupitxo/classes/Validavel.java,com.grupitxo.classes.Validavel,validarEmail/1[java.lang.String],false,6,0,0,0,0,1,0,1,0,0,1,0,0,0,0,0,0,0,0,0,0,0,0,0,0,0,3,0,0,false
/home/guilherme-larre/Documents/UNICAP/projeto_aps/aps/src/main/java/com/grupitxo/classes/Validavel.java,com.grupitxo.classes.Validavel,validarCpf/1[java.lang.String],false,4,0,0,0,0,1,0,1,0,0,1,0,0,0,0,0,0,0,0,0,0,0,0,0,0,0,3,0,0,false
/home/guilherme-larre/Documents/UNICAP/projeto_aps/aps/src/main/java/com/grupitxo/classes/Validavel.java,com.grupitxo.classes.Validavel,validarAniversario/1[java.lang.String],false,7,0,0,0,0,1,0,1,0,0,1,0,0,0,0,0,0,0,0,0,0,0,0,0,0,0,3,0,0,false
/home/guilherme-larre/Documents/UNICAP/projeto_aps/aps/src/main/java/com/grupitxo/classes/FuncionarioViewFactory.java,com.grupitxo.classes.FuncionarioViewFactory,criarFuncionarioNovo/1[java.util.Scanner],false,8,2,2,1,1,8,6,57,2,12,1,6,0,0,0,0,1,0,13,4,16,1,1,0,0,0,37,1,0,false
/home/guilherme-larre/Documents/UNICAP/projeto_aps/aps/src/main/java/com/grupitxo/classes/ProdutoDbAdapter.java,com.grupitxo.classes.ProdutoDbAdapter,ProdutoDbAdapter/1[java.sql.Connection],true,11,0,0,0,0,1,0,3,0,0,1,0,0,0,0,0,0,0,0,0,1,0,0,0,0,0,5,1,0,false
/home/guilherme-larre/Documents/UNICAP/projeto_aps/aps/src/main/java/com/grupitxo/classes/ProdutoDbAdapter.java,com.grupitxo.classes.ProdutoDbAdapter,getQtd/0,false,34,0,0,0,0,3,5,12,2,3,0,5,0,0,0,0,1,0,1,2,3,0,2,0,0,0,23,1,0,false
/home/guilherme-larre/Documents/UNICAP/projeto_aps/aps/src/main/java/com/grupitxo/classes/ProdutoDbAdapter.java,com.grupitxo.classes.ProdutoDbAdapter,salvar/1[com.grupitxo.classes.Produto],false,15,1,6,0,6,2,13,17,2,2,1,13,0,0,0,0,1,0,1,6,2,0,1,0,0,0,25,1,0,false
/home/guilherme-larre/Documents/UNICAP/projeto_aps/aps/src/main/java/com/grupitxo/classes/FuncionarioStorageStrategy.java,com.grupitxo.classes.FuncionarioStorageStrategy,buscarPorId/1[int],false,10,1,2,2,0,1,0,1,0,0,1,0,0,0,0,0,0,0,0,0,0,0,0,0,0,0,5,0,0,false
/home/guilherme-larre/Documents/UNICAP/projeto_aps/aps/src/main/java/com/grupitxo/classes/FuncionarioStorageStrategy.java,com.grupitxo.classes.FuncionarioStorageStrategy,atualizar/1[com.grupitxo.classes.Funcionario],false,13,1,1,1,0,1,0,1,0,0,1,0,0,0,0,0,0,0,0,0,0,0,0,0,0,0,3,0,0,false
/home/guilherme-larre/Documents/UNICAP/projeto_aps/aps/src/main/java/com/grupitxo/classes/FuncionarioStorageStrategy.java,com.grupitxo.classes.FuncionarioStorageStrategy,buscarTodos/0,false,9,1,2,2,0,1,0,1,0,0,0,0,0,0,0,0,0,0,0,0,0,0,0,0,0,0,2,0,0,false
/home/guilherme-larre/Documents/UNICAP/projeto_aps/aps/src/main/java/com/grupitxo/classes/FuncionarioStorageStrategy.java,com.grupitxo.classes.FuncionarioStorageStrategy,buscarPorNome/1[java.lang.String],false,11,1,1,1,0,1,0,1,0,0,1,0,0,0,0,0,0,0,0,0,0,0,0,0,0,0,5,0,0,false
/home/guilherme-larre/Documents/UNICAP/projeto_aps/aps/src/main/java/com/grupitxo/classes/FuncionarioStorageStrategy.java,com.grupitxo.classes.FuncionarioStorageStrategy,salvar/1[com.grupitxo.classes.Funcionario],false,7,1,1,1,0,1,0,1,0,0,1,0,0,0,0,0,0,0,0,0,0,0,0,0,0,0,3,0,0,false
/home/guilherme-larre/Documents/UNICAP/projeto_aps/aps/src/main/java/com/grupitxo/classes/FuncionarioStorageStrategy.java,com.grupitxo.classes.FuncionarioStorageStrategy,remover/1[com.grupitxo.classes.Funcionario],false,15,1,1,1,0,1,0,1,0,0,1,0,0,0,0,0,0,0,0,0,0,0,0,0,0,0,3,0,0,false
/home/guilherme-larre/Documents/UNICAP/projeto_aps/aps/src/main/java/com/grupitxo/classes/FuncionarioStorageStrategy.java,com.grupitxo.classes.FuncionarioStorageStrategy,getQtd/0,false,17,0,0,0,0,1,0,1,0,0,0,0,0,0,0,0,0,0,0,0,0,0,0,0,0,0,2,0,0,false
/home/guilherme-larre/Documents/UNICAP/projeto_aps/aps/src/main/java/com/grupitxo/typeadapter/CompraTypeAdapter.java,com.grupitxo.typeadapter.CompraTypeAdapter,"write/2[com.grupitxo.typeadapter.JsonWriter,com.grupitxo.classes.Compra]",false,17,4,11,1,10,2,18,18,0,0,2,18,0,0,1,0,0,0,9,0,0,0,1,0,0,0,8,1,0,false
/home/guilherme-larre/Documents/UNICAP/projeto_aps/aps/src/main/java/com/grupitxo/typeadapter/CompraTypeAdapter.java,com.grupitxo.typeadapter.CompraTypeAdapter,read/1[com.grupitxo.typeadapter.JsonReader],false,41,6,7,1,6,14,15,55,1,13,1,15,0,0,3,1,0,0,9,6,21,0,5,0,0,0,26,1,0,false
/home/guilherme-larre/Documents/UNICAP/projeto_aps/aps/src/main/java/com/grupitxo/classes/JsonWriter.java,com.grupitxo.classes.JsonWriter,salvarHistorico/0,false,40,3,3,1,2,1,2,5,0,2,0,2,1,1,0,0,0,0,1,0,2,0,0,0,0,0,5,9,0,false
/home/guilherme-larre/Documents/UNICAP/projeto_aps/aps/src/main/java/com/grupitxo/classes/JsonWriter.java,com.grupitxo.classes.JsonWriter,"salvarEmArquivo/2[java.util.ArrayList<?>,java.lang.String]",false,26,0,2,2,0,2,1,7,0,1,2,1,0,0,0,0,1,0,0,0,1,0,1,0,0,0,12,9,0,false
/home/guilherme-larre/Documents/UNICAP/projeto_aps/aps/src/main/java/com/grupitxo/classes/JsonWriter.java,com.grupitxo.classes.JsonWriter,salvarEstoque/0,false,34,2,3,1,2,1,2,5,0,2,0,2,1,1,0,0,0,0,1,0,2,0,0,0,0,0,5,9,0,false
/home/guilherme-larre/Documents/UNICAP/projeto_aps/aps/src/main/java/com/grupitxo/classes/Compra.java,com.grupitxo.classes.Compra$CompraProduto,setQtdComprada/1[int],false,347,1,1,0,1,1,1,4,0,0,1,1,0,0,0,0,0,0,0,0,2,1,0,0,0,0,6,1,0,false
/home/guilherme-larre/Documents/UNICAP/projeto_aps/aps/src/main/java/com/grupitxo/classes/Compra.java,com.grupitxo.classes.Compra$CompraProduto,setDesconto/1[int],false,355,1,1,0,1,1,1,4,0,0,1,1,0,0,0,0,0,0,0,0,2,1,0,0,0,0,6,1,0,false
/home/guilherme-larre/Documents/UNICAP/projeto_aps/aps/src/main/java/com/grupitxo/classes/Compra.java,com.grupitxo.classes.Compra$CompraProduto,toString/0,false,365,2,6,0,6,1,7,9,1,0,0,7,4,1,0,0,0,0,0,0,0,0,0,0,0,0,4,1,0,false
/home/guilherme-larre/Documents/UNICAP/projeto_aps/aps/src/main/java/com/grupitxo/classes/Compra.java,com.grupitxo.classes.Compra$CompraProduto,setProduto/1[com.grupitxo.classes.Produto],false,339,1,1,0,1,1,1,4,0,0,1,1,0,0,0,0,0,0,0,0,2,1,0,0,0,0,7,1,0,false
/home/guilherme-larre/Documents/UNICAP/projeto_aps/aps/src/main/java/com/grupitxo/classes/Compra.java,com.grupitxo.classes.Compra$CompraProduto,getProduto/0,false,336,1,4,4,0,1,0,3,1,0,0,0,0,0,0,0,0,0,0,0,0,0,0,0,0,0,3,1,0,false
/home/guilherme-larre/Documents/UNICAP/projeto_aps/aps/src/main/java/com/grupitxo/classes/Compra.java,com.grupitxo.classes.Compra$CompraProduto,getQtdComprada/0,false,344,0,5,5,0,1,0,3,1,0,0,0,0,0,0,0,0,0,0,0,0,0,0,0,0,0,4,1,0,false
/home/guilherme-larre/Documents/UNICAP/projeto_aps/aps/src/main/java/com/grupitxo/classes/Compra.java,com.grupitxo.classes.Compra$CompraProduto,"CompraProduto/4[com.grupitxo.classes.Produto,int,double,boolean]",true,313,1,3,2,1,4,2,22,0,0,4,2,0,0,0,3,0,0,0,4,8,6,2,0,0,0,9,1,0,false
/home/guilherme-larre/Documents/UNICAP/projeto_aps/aps/src/main/java/com/grupitxo/classes/Compra.java,com.grupitxo.classes.Compra$CompraProduto,getDesconto/0,false,352,0,2,2,0,1,0,3,1,0,0,0,0,0,0,0,0,0,0,0,0,0,0,0,0,0,3,1,0,false
/home/guilherme-larre/Documents/UNICAP/projeto_aps/aps/src/main/java/com/grupitxo/classes/Compra.java,com.grupitxo.classes.Compra$CompraProduto,getTotal/0,false,360,0,3,3,0,1,0,3,1,0,0,0,0,0,0,0,0,0,0,0,0,0,0,0,0,0,3,1,0,false
/home/guilherme-larre/Documents/UNICAP/projeto_aps/aps/src/main/java/com/grupitxo/classes/ClienteStorageStrategy.java,com.grupitxo.classes.ClienteStorageStrategy,buscarPorId/1[int],false,10,1,2,2,0,1,0,1,0,0,1,0,0,0,0,0,0,0,0,0,0,0,0,0,0,0,5,0,0,false
/home/guilherme-larre/Documents/UNICAP/projeto_aps/aps/src/main/java/com/grupitxo/classes/ClienteStorageStrategy.java,com.grupitxo.classes.ClienteStorageStrategy,buscarTodos/0,false,9,1,2,2,0,1,0,1,0,0,0,0,0,0,0,0,0,0,0,0,0,0,0,0,0,0,2,0,0,false
/home/guilherme-larre/Documents/UNICAP/projeto_aps/aps/src/main/java/com/grupitxo/classes/ClienteStorageStrategy.java,com.grupitxo.classes.ClienteStorageStrategy,remover/1[com.grupitxo.classes.Cliente],false,15,1,1,1,0,1,0,1,0,0,1,0,0,0,0,0,0,0,0,0,0,0,0,0,0,0,3,0,0,false
/home/guilherme-larre/Documents/UNICAP/projeto_aps/aps/src/main/java/com/grupitxo/classes/ClienteStorageStrategy.java,com.grupitxo.classes.ClienteStorageStrategy,salvar/1[com.grupitxo.classes.Cliente],false,7,1,1,1,0,1,0,1,0,0,1,0,0,0,0,0,0,0,0,0,0,0,0,0,0,0,3,0,0,false
/home/guilherme-larre/Documents/UNICAP/projeto_aps/aps/src/main/java/com/grupitxo/classes/ClienteStorageStrategy.java,com.grupitxo.classes.ClienteStorageStrategy,buscarPorNome/1[java.lang.String],false,11,1,1,1,0,1,0,1,0,0,1,0,0,0,0,0,0,0,0,0,0,0,0,0,0,0,5,0,0,false
/home/guilherme-larre/Documents/UNICAP/projeto_aps/aps/src/main/java/com/grupitxo/classes/ClienteStorageStrategy.java,com.grupitxo.classes.ClienteStorageStrategy,atualizar/1[com.grupitxo.classes.Cliente],false,13,1,1,1,0,1,0,1,0,0,1,0,0,0,0,0,0,0,0,0,0,0,0,0,0,0,3,0,0,false
/home/guilherme-larre/Documents/UNICAP/projeto_aps/aps/src/main/java/com/grupitxo/classes/ClienteStorageStrategy.java,com.grupitxo.classes.ClienteStorageStrategy,getQtd/0,false,17,0,0,0,0,1,0,1,0,0,0,0,0,0,0,0,0,0,0,0,0,0,0,0,0,0,2,0,0,false
/home/guilherme-larre/Documents/UNICAP/projeto_aps/aps/src/main/java/com/grupitxo/classes/JsonReader.java,com.grupitxo.classes.JsonReader,carregarEstoque/0,false,33,1,2,1,1,3,2,10,0,2,0,2,0,0,1,0,1,0,1,0,2,0,2,0,0,0,13,9,0,false
/home/guilherme-larre/Documents/UNICAP/projeto_aps/aps/src/main/java/com/grupitxo/classes/JsonReader.java,com.grupitxo.classes.JsonReader,carregarHistorico/0,false,23,2,2,1,1,3,2,10,0,2,0,2,0,0,1,0,1,0,1,0,2,0,2,0,0,0,13,9,0,false
/home/guilherme-larre/Documents/UNICAP/projeto_aps/aps/src/main/java/com/grupitxo/classes/Venda.java,com.grupitxo.classes.Venda,cancelarVenda/1[java.util.Scanner],false,80,1,3,1,2,3,8,22,3,3,1,8,0,0,0,2,0,0,2,3,3,2,1,0,0,0,27,1,0,false
/home/guilherme-larre/Documents/UNICAP/projeto_aps/aps/src/main/java/com/grupitxo/classes/Venda.java,com.grupitxo.classes.Venda,"Venda/2[com.grupitxo.classes.FuncionarioController,com.grupitxo.classes.ClienteController]",true,12,2,1,1,0,1,0,4,0,0,2,0,0,0,0,0,0,0,0,0,2,0,0,0,0,0,5,1,0,false
/home/guilherme-larre/Documents/UNICAP/projeto_aps/aps/src/main/java/com/grupitxo/classes/Venda.java,com.grupitxo.classes.Venda,realizarVenda/1[java.util.Scanner],false,18,5,4,1,3,4,3,15,4,3,1,3,0,0,0,3,0,0,0,0,3,0,1,0,0,0,13,1,0,false
/home/guilherme-larre/Documents/UNICAP/projeto_aps/aps/src/main/java/com/grupitxo/classes/Venda.java,com.grupitxo.classes.Venda,pesquisarVendas/1[java.util.Scanner],false,34,5,8,1,7,9,9,37,7,4,1,9,0,0,1,3,0,0,1,4,4,0,3,0,0,0,14,1,0,false
/home/guilherme-larre/Documents/UNICAP/projeto_aps/aps/src/main/java/com/grupitxo/classes/Main.java,com.grupitxo.classes.Main,main/1[java.lang.String[]],false,8,18,42,0,42,68,39,270,0,21,1,39,0,0,8,16,2,0,28,40,49,0,10,0,0,0,63,9,0,false
/home/guilherme-larre/Documents/UNICAP/projeto_aps/aps/src/main/java/com/grupitxo/classes/ClienteDbAdapter.java,com.grupitxo.classes.ClienteDbAdapter,atualizar/1[com.grupitxo.classes.Cliente],false,103,2,9,0,9,3,15,22,2,3,1,15,0,0,0,0,1,0,11,10,3,2,2,0,0,0,21,1,0,false
/home/guilherme-larre/Documents/UNICAP/projeto_aps/aps/src/main/java/com/grupitxo/classes/ClienteDbAdapter.java,com.grupitxo.classes.ClienteDbAdapter,mapearResultSet/1[java.sql.ResultSet],false,170,1,4,3,1,1,2,12,1,9,1,2,0,0,0,0,0,0,9,0,9,0,0,0,0,0,20,2,0,false
/home/guilherme-larre/Documents/UNICAP/projeto_aps/aps/src/main/java/com/grupitxo/classes/ClienteDbAdapter.java,com.grupitxo.classes.ClienteDbAdapter,buscarTodos/0,false,44,2,1,0,1,3,7,13,1,4,0,7,1,1,1,0,1,0,2,0,4,1,2,0,0,0,25,1,0,false
/home/guilherme-larre/Documents/UNICAP/projeto_aps/aps/src/main/java/com/grupitxo/classes/ClienteDbAdapter.java,com.grupitxo.classes.ClienteDbAdapter,salvar/1[com.grupitxo.classes.Cliente],false,20,2,8,0,8,2,12,19,2,2,1,12,0,0,0,0,1,0,2,8,2,1,1,0,0,0,20,1,0,false
/home/guilherme-larre/Documents/UNICAP/projeto_aps/aps/src/main/java/com/grupitxo/classes/ClienteDbAdapter.java,com.grupitxo.classes.ClienteDbAdapter,remover/1[com.grupitxo.classes.Cliente],false,139,1,1,0,1,3,6,14,2,3,1,6,0,0,0,0,1,0,2,2,3,1,2,0,0,0,27,1,0,false
/home/guilherme-larre/Documents/UNICAP/projeto_aps/aps/src/main/java/com/grupitxo/classes/ClienteDbAdapter.java,com.grupitxo.classes.ClienteDbAdapter,getQtd/0,false,157,0,0,0,0,3,5,12,2,3,0,5,0,0,0,0,1,0,1,2,3,0,2,0,0,0,23,1,0,false
/home/guilherme-larre/Documents/UNICAP/projeto_aps/aps/src/main/java/com/grupitxo/classes/ClienteDbAdapter.java,com.grupitxo.classes.ClienteDbAdapter,ClienteDbAdapter/1[java.sql.Connection],true,14,0,2,2,0,1,0,3,0,0,1,0,0,0,0,0,0,0,0,0,1,0,0,0,0,0,5,1,0,false
/home/guilherme-larre/Documents/UNICAP/projeto_aps/aps/src/main/java/com/grupitxo/classes/ClienteDbAdapter.java,com.grupitxo.classes.ClienteDbAdapter,buscarPorId/1[int],false,63,2,1,0,1,3,7,16,1,4,1,7,1,1,0,0,2,0,2,1,5,1,3,0,0,0,31,1,0,false
/home/guilherme-larre/Documents/UNICAP/projeto_aps/aps/src/main/java/com/grupitxo/classes/ClienteDbAdapter.java,com.grupitxo.classes.ClienteDbAdapter,buscarPorNome/1[java.lang.String],false,83,2,1,0,1,3,7,16,1,4,1,7,1,1,0,0,2,0,4,1,5,2,3,0,0,0,34,1,0,false
/home/guilherme-larre/Documents/UNICAP/projeto_aps/aps/src/main/java/com/grupitxo/classes/ClienteViewFactory.java,com.grupitxo.classes.ClienteViewFactory,criarClienteNovo/1[java.util.Scanner],false,6,1,2,1,1,3,4,31,2,9,1,4,0,0,0,0,1,0,11,0,9,1,1,0,0,0,29,1,0,false
/home/guilherme-larre/Documents/UNICAP/projeto_aps/aps/src/main/java/com/grupitxo/classes/FuncionarioView.java,com.grupitxo.classes.FuncionarioView,"pedirNovoDadoDecimal/2[java.util.Scanner,java.lang.String]",false,71,0,1,1,0,2,4,8,1,1,2,4,0,0,0,0,0,0,2,0,1,1,1,0,0,0,9,1,0,false
/home/guilherme-larre/Documents/UNICAP/projeto_aps/aps/src/main/java/com/grupitxo/classes/FuncionarioView.java,com.grupitxo.classes.FuncionarioView,"pedirNovoDadoTexto/2[java.util.Scanner,java.lang.String]",false,65,0,1,1,0,1,2,4,1,0,2,2,0,0,0,0,0,0,2,0,0,1,0,0,0,0,8,1,0,false
/home/guilherme-larre/Documents/UNICAP/projeto_aps/aps/src/main/java/com/grupitxo/classes/FuncionarioView.java,com.grupitxo.classes.FuncionarioView,pedirConfirmacao/1[java.util.Scanner],false,97,0,1,1,0,2,4,8,1,1,1,4,0,0,0,0,0,0,1,0,1,0,1,0,0,0,10,1,0,false
/home/guilherme-larre/Documents/UNICAP/projeto_aps/aps/src/main/java/com/grupitxo/classes/FuncionarioView.java,com.grupitxo.classes.FuncionarioView,mostrarMenuSelecao/1[java.util.Scanner],false,28,0,1,1,0,2,4,8,1,1,1,4,0,0,0,0,0,0,0,0,1,0,1,0,0,0,6,1,0,false
/home/guilherme-larre/Documents/UNICAP/projeto_aps/aps/src/main/java/com/grupitxo/classes/FuncionarioView.java,com.grupitxo.classes.FuncionarioView,pedirIdParaBusca/1[java.util.Scanner],false,38,0,1,1,0,2,4,8,1,1,1,4,0,0,0,0,0,0,1,0,1,0,1,0,0,0,8,1,0,false
/home/guilherme-larre/Documents/UNICAP/projeto_aps/aps/src/main/java/com/grupitxo/classes/FuncionarioView.java,com.grupitxo.classes.FuncionarioView,pedirNomeParaBusca/1[java.util.Scanner],false,47,0,1,1,0,1,2,4,1,0,1,2,0,0,0,0,0,0,1,0,0,0,0,0,0,0,8,1,0,false
/home/guilherme-larre/Documents/UNICAP/projeto_aps/aps/src/main/java/com/grupitxo/classes/FuncionarioView.java,com.grupitxo.classes.FuncionarioView,opcaoEdicao/1[java.util.Scanner],false,54,0,1,1,0,2,4,8,1,1,1,4,0,0,0,0,0,0,0,0,1,0,1,0,0,0,4,1,0,false
/home/guilherme-larre/Documents/UNICAP/projeto_aps/aps/src/main/java/com/grupitxo/classes/FuncionarioView.java,com.grupitxo.classes.FuncionarioView,exibirFuncionario/1[com.grupitxo.classes.Funcionario],false,18,1,3,3,0,2,2,9,1,0,1,2,0,0,0,1,0,0,3,0,0,0,1,0,0,0,15,1,0,false
/home/guilherme-larre/Documents/UNICAP/projeto_aps/aps/src/main/java/com/grupitxo/classes/FuncionarioView.java,com.grupitxo.classes.FuncionarioView,pedirNovoCargo/1[java.util.Scanner],false,81,0,1,1,0,2,4,14,1,1,1,4,0,0,0,0,0,0,0,0,1,0,1,0,0,0,13,1,0,false
/home/guilherme-larre/Documents/UNICAP/projeto_aps/aps/src/main/java/com/grupitxo/classes/FuncionarioView.java,com.grupitxo.classes.FuncionarioView,exibirListaFuncionarios/1[java.util.List<com.grupitxo.classes.Funcionario>],false,8,1,2,1,1,4,3,9,1,0,1,3,0,0,1,1,0,0,1,0,0,0,1,0,0,0,9,1,0,false
/home/guilherme-larre/Documents/UNICAP/projeto_aps/aps/src/main/java/com/grupitxo/classes/ClienteController.java,com.grupitxo.classes.ClienteController,rotinaAtualizarCliente/1[java.util.Scanner],false,61,5,14,1,13,12,15,48,3,10,1,15,1,1,0,2,1,0,13,9,10,1,2,0,0,0,34,1,0,false
/home/guilherme-larre/Documents/UNICAP/projeto_aps/aps/src/main/java/com/grupitxo/classes/ClienteController.java,com.grupitxo.classes.ClienteController,rotinaCriarCliente/1[java.util.Scanner],false,48,3,3,1,2,2,3,10,0,1,1,3,0,0,0,1,0,0,2,0,1,0,1,0,0,0,15,1,0,false
/home/guilherme-larre/Documents/UNICAP/projeto_aps/aps/src/main/java/com/grupitxo/classes/ClienteController.java,com.grupitxo.classes.ClienteController,rotinaListarClientes/0,false,41,3,3,1,2,1,2,4,0,1,0,2,0,0,0,0,0,0,0,0,1,0,0,0,0,0,4,1,0,false
/home/guilherme-larre/Documents/UNICAP/projeto_aps/aps/src/main/java/com/grupitxo/classes/ClienteController.java,com.grupitxo.classes.ClienteController,"ClienteController/3[com.grupitxo.classes.ClienteView,com.grupitxo.classes.ClienteViewFactory,com.grupitxo.classes.ClienteStorageStrategy]",true,12,3,1,1,0,1,0,5,0,0,3,0,0,0,0,0,0,0,0,0,3,0,0,0,0,0,6,1,0,false
/home/guilherme-larre/Documents/UNICAP/projeto_aps/aps/src/main/java/com/grupitxo/classes/ClienteController.java,com.grupitxo.classes.ClienteController,selecionarClienteParaAcao/1[java.util.Scanner],false,19,3,10,5,5,4,6,13,4,3,1,6,0,0,0,0,0,0,2,3,3,0,1,0,0,0,13,1,0,false
/home/guilherme-larre/Documents/UNICAP/projeto_aps/aps/src/main/java/com/grupitxo/classes/ClienteController.java,com.grupitxo.classes.ClienteController,rotinaRemoverCliente/1[java.util.Scanner],false,131,4,5,1,4,2,5,11,1,1,1,5,1,1,0,1,0,0,2,0,1,0,1,0,0,0,14,1,0,false
/home/guilherme-larre/Documents/UNICAP/projeto_aps/aps/src/main/java/com/grupitxo/classes/Pessoa.java,com.grupitxo.classes.Pessoa,getEmail/0,false,60,0,6,6,0,1,0,3,1,0,0,0,0,0,0,0,0,0,0,0,0,0,0,0,0,0,3,1,0,false
/home/guilherme-larre/Documents/UNICAP/projeto_aps/aps/src/main/java/com/grupitxo/classes/Pessoa.java,com.grupitxo.classes.Pessoa,getGenero/0,false,87,0,6,6,0,1,0,3,1,0,0,0,0,0,0,0,0,0,0,0,0,0,0,0,0,0,3,1,0,false
/home/guilherme-larre/Documents/UNICAP/projeto_aps/aps/src/main/java/com/grupitxo/classes/Pessoa.java,com.grupitxo.classes.Pessoa,setTelefone/1[java.lang.String],false,57,0,2,2,0,1,0,3,0,0,1,0,0,0,0,0,0,0,0,0,1,0,0,0,0,0,3,1,0,false
/home/guilherme-larre/Documents/UNICAP/projeto_aps/aps/src/main/java/com/grupitxo/classes/Pessoa.java,com.grupitxo.classes.Pessoa,validarEmail/1[java.lang.String],false,121,0,1,1,0,3,2,6,2,0,1,2,0,0,0,1,0,0,1,0,0,0,1,0,0,0,7,1,0,false
/home/guilherme-larre/Documents/UNICAP/projeto_aps/aps/src/main/java/com/grupitxo/classes/Pessoa.java,com.grupitxo.classes.Pessoa,calcularIdade/1[java.lang.String],false,144,0,1,1,0,1,4,6,1,3,1,4,0,0,0,0,0,0,1,0,3,1,0,0,0,0,12,1,0,false
/home/guilherme-larre/Documents/UNICAP/projeto_aps/aps/src/main/java/com/grupitxo/classes/Pessoa.java,com.grupitxo.classes.Pessoa,setCpf/1[java.lang.String],false,51,0,2,2,0,1,0,3,0,0,1,0,0,0,0,0,0,0,0,0,1,0,0,0,0,0,3,1,0,false
/home/guilherme-larre/Documents/UNICAP/projeto_aps/aps/src/main/java/com/grupitxo/classes/Pessoa.java,com.grupitxo.classes.Pessoa,getNome/0,false,42,0,8,8,0,1,0,3,1,0,0,0,0,0,0,0,0,0,0,0,0,0,0,0,0,0,3,1,0,false
/home/guilherme-larre/Documents/UNICAP/projeto_aps/aps/src/main/java/com/grupitxo/classes/Pessoa.java,com.grupitxo.classes.Pessoa,setGenero/1[java.lang.String],false,90,0,2,2,0,1,0,3,0,0,1,0,0,0,0,0,0,0,0,0,1,0,0,0,0,0,3,1,0,false
/home/guilherme-larre/Documents/UNICAP/projeto_aps/aps/src/main/java/com/grupitxo/classes/Pessoa.java,com.grupitxo.classes.Pessoa,validarCpf/1[java.lang.String],false,96,0,1,1,0,5,4,7,2,0,1,4,0,0,0,2,0,0,3,1,1,0,1,0,0,0,6,1,0,false
/home/guilherme-larre/Documents/UNICAP/projeto_aps/aps/src/main/java/com/grupitxo/classes/Pessoa.java,com.grupitxo.classes.Pessoa,validarAniversario/1[java.lang.String],false,132,0,2,2,0,2,2,10,2,1,1,2,0,0,0,0,1,0,1,0,1,0,1,0,0,0,13,1,0,false
/home/guilherme-larre/Documents/UNICAP/projeto_aps/aps/src/main/java/com/grupitxo/classes/Pessoa.java,com.grupitxo.classes.Pessoa,getCpf/0,false,48,0,6,6,0,1,0,3,1,0,0,0,0,0,0,0,0,0,0,0,0,0,0,0,0,0,3,1,0,false
/home/guilherme-larre/Documents/UNICAP/projeto_aps/aps/src/main/java/com/grupitxo/classes/Pessoa.java,com.grupitxo.classes.Pessoa,getAniversario/0,false,78,0,6,6,0,1,0,3,1,0,0,0,0,0,0,0,0,0,0,0,0,0,0,0,0,0,3,1,0,false
/home/guilherme-larre/Documents/UNICAP/projeto_aps/aps/src/main/java/com/grupitxo/classes/Pessoa.java,com.grupitxo.classes.Pessoa,setAniversario/1[java.lang.String],false,81,1,3,2,1,2,1,6,0,0,1,1,1,1,0,1,0,0,1,0,1,0,1,0,0,0,10,1,0,false
/home/guilherme-larre/Documents/UNICAP/projeto_aps/aps/src/main/java/com/grupitxo/classes/Pessoa.java,com.grupitxo.classes.Pessoa,setEndereco/1[java.lang.String],false,75,0,2,2,0,1,0,3,0,0,1,0,0,0,0,0,0,0,0,0,1,0,0,0,0,0,3,1,0,false
/home/guilherme-larre/Documents/UNICAP/projeto_aps/aps/src/main/java/com/grupitxo/classes/Pessoa.java,com.grupitxo.classes.Pessoa,getPreferenciaComunicacao/0,false,66,0,6,6,0,1,0,3,1,0,0,0,0,0,0,0,0,0,0,0,0,0,0,0,0,0,4,1,0,false
/home/guilherme-larre/Documents/UNICAP/projeto_aps/aps/src/main/java/com/grupitxo/classes/Pessoa.java,com.grupitxo.classes.Pessoa,setPreferenciaComunicacao/1[java.lang.String],false,69,0,2,2,0,1,0,3,0,0,1,0,0,0,0,0,0,0,0,0,1,0,0,0,0,0,4,1,0,false
/home/guilherme-larre/Documents/UNICAP/projeto_aps/aps/src/main/java/com/grupitxo/classes/Pessoa.java,com.grupitxo.classes.Pessoa,validarTelefone/1[java.lang.String],false,108,0,1,1,0,3,2,7,2,0,1,2,0,0,0,2,0,0,2,2,1,0,1,0,0,0,5,1,0,false
/home/guilherme-larre/Documents/UNICAP/projeto_aps/aps/src/main/java/com/grupitxo/classes/Pessoa.java,com.grupitxo.classes.Pessoa,setEmail/1[java.lang.String],false,63,0,2,2,0,1,0,3,0,0,1,0,0,0,0,0,0,0,0,0,1,0,0,0,0,0,3,1,0,false
/home/guilherme-larre/Documents/UNICAP/projeto_aps/aps/src/main/java/com/grupitxo/classes/Pessoa.java,com.grupitxo.classes.Pessoa,"Pessoa/8[java.lang.String,java.lang.String,java.lang.String,java.lang.String,java.lang.String,java.lang.String,java.lang.String,java.lang.String]",true,18,1,4,0,4,5,4,22,0,0,8,4,4,1,0,4,0,0,4,0,8,0,1,0,0,0,26,1,0,false
/home/guilherme-larre/Documents/UNICAP/projeto_aps/aps/src/main/java/com/grupitxo/classes/Pessoa.java,com.grupitxo.classes.Pessoa,getIdade/0,false,152,1,3,2,1,1,1,3,1,0,0,1,1,1,0,0,0,0,0,0,0,0,0,0,0,0,3,1,0,false
/home/guilherme-larre/Documents/UNICAP/projeto_aps/aps/src/main/java/com/grupitxo/classes/Pessoa.java,com.grupitxo.classes.Pessoa,setNome/1[java.lang.String],false,45,0,2,2,0,1,0,3,0,0,1,0,0,0,0,0,0,0,0,0,1,0,0,0,0,0,3,1,0,false
/home/guilherme-larre/Documents/UNICAP/projeto_aps/aps/src/main/java/com/grupitxo/classes/Pessoa.java,com.grupitxo.classes.Pessoa,getTelefone/0,false,54,0,6,6,0,1,0,3,1,0,0,0,0,0,0,0,0,0,0,0,0,0,0,0,0,0,3,1,0,false
/home/guilherme-larre/Documents/UNICAP/projeto_aps/aps/src/main/java/com/grupitxo/classes/Pessoa.java,com.grupitxo.classes.Pessoa,getEndereco/0,false,72,0,6,6,0,1,0,3,1,0,0,0,0,0,0,0,0,0,0,0,0,0,0,0,0,0,3,1,0,false
